#events,#gamedata/events/events.json,?0
#chunks,#gamedata/tables/common/chunks.json,?0
#presence,#gamedata/tables/common/presence.json,?0
#marketing,#gamedata/tables/common/marketing.json,?0
#mp_spawn_influencers,#gamedata/tables/mp/mp_spawn_influencers.json,?0
#hash_4fb86683ad4fe008,#gamedata/tables/mp/mp_spawn_influencers_override.json,?0
#wz_spawn_influencers,#hash_4d7de0e29a249d66,?0
#hash_24b9b611afda9244,#hash_65bc74d13ab193e9,?0
#hash_43eb43fe84c8bc69,#gamedata/tables/cp/cp_spawn_influencers.json,?0
#hash_3e352c2de83ce17a,#gamedata/tables/cp/cp_spawn_influencers_override.json,?0
#hash_7173f47b1c06bbef,#hash_3878a2ee669df04a,?0
#hash_4202d1bdadfe1e60,#hash_6b4d9db4663b2bf5,?0
#arena_levels,#gamedata/tables/common/arena_levels.json,?0
#hash_34037e2c30ce20f8,#hash_3aa9c0d5f2637275,?0
#mp_spawn_lists,#hash_415cefa0ccc14049,?0
#wz_spawn_lists,#hash_3ca659e557f607a9,?0
#hash_62033cea2cdffa6e,#hash_764e8dd75d88abf5,?0
