0,#hash_60bd5c0e0f82985f,,,
2,#hash_448c233bd790c3de,,,
3,#hash_448c243bd790c591,,,
4,#hash_448c253bd790c744,,,
5,#hash_448c263bd790c8f7,,,
6,#hash_448c273bd790caaa,,,
7,#hash_6869e05964379714,,,
8,#hash_6870d959643da9dd,,,
9,#hash_2911be2f88bd7aff,,,
10,#hash_3d1737594bacf7c0,,,
11,#hash_2911bd2f88bd794c,,,
12,#hash_759995ad496bb0a1,,,
13,#hash_33fea849ffdd822d,,,
14,#hash_34058f49ffe37660,,,
15,#hash_a006f995f2b878a,,,
16,#hash_4948f9497ab068f9,,,
17,#hash_a0070995f2b893d,,,
18,#hash_2fac32d17ef2070e,,,
19,#hash_3deb6f14e16d01aa,,,
20,#hash_eeaf2e7ff8ff511,,,
21,#hash_7205781e851b44f1,,,
22,#hash_75cee9e28c29da1,,,
23,#hash_36fd2f5a5aaac164,,,
24,#hash_2a0c30944d75e9f4,,,
25,#hash_5806e4d9aac8757b,,,
26,#hash_39b8f030ccdaf0d9,,,
